{
    "rmse": 0.6297474973310025,
    "mae": 0.48787601240543915,
    "r2": 0.36442620511130297
}